"filename", "language", "JavaScript", "HTML", "Svelte", "XML", "comment", "blank", "total"
"c:\Users\277Student\Desktop\congressionals\src\app.html", "HTML", 0, 18, 0, 0, 0, 6, 24
"c:\Users\277Student\Desktop\congressionals\src\lib\assets\favicon.svg", "XML", 0, 0, 0, 1, 0, 0, 1
"c:\Users\277Student\Desktop\congressionals\src\lib\beachData.js", "JavaScript", 5, 0, 0, 0, 0, 1, 6
"c:\Users\277Student\Desktop\congressionals\src\lib\components\Beach.svelte", "Svelte", 0, 0, 126, 0, 0, 16, 142
"c:\Users\277Student\Desktop\congressionals\src\lib\components\Trail.svelte", "Svelte", 0, 0, 108, 0, 22, 24, 154
"c:\Users\277Student\Desktop\congressionals\src\lib\components\footer.svelte", "Svelte", 0, 0, 52, 0, 0, 9, 61
"c:\Users\277Student\Desktop\congressionals\src\lib\components\map.svelte", "Svelte", 0, 0, 19, 0, 0, 7, 26
"c:\Users\277Student\Desktop\congressionals\src\lib\components\siteHeader.svelte", "Svelte", 0, 0, 21, 0, 0, 3, 24
"c:\Users\277Student\Desktop\congressionals\src\lib\components\tracker.svelte", "Svelte", 0, 0, 22, 0, 0, 1, 23
"c:\Users\277Student\Desktop\congressionals\src\lib\index.js", "JavaScript", 0, 0, 0, 0, 1, 1, 2
"c:\Users\277Student\Desktop\congressionals\src\lib\saveData.js", "JavaScript", 6, 0, 0, 0, 0, 0, 6
"c:\Users\277Student\Desktop\congressionals\src\lib\spotDistances.js", "JavaScript", 5, 0, 0, 0, 0, 1, 6
"c:\Users\277Student\Desktop\congressionals\src\lib\trailData.js", "JavaScript", 63, 0, 0, 0, 0, 1, 64
"c:\Users\277Student\Desktop\congressionals\src\lib\userData.js", "JavaScript", 15, 0, 0, 0, 0, 1, 16
"c:\Users\277Student\Desktop\congressionals\src\routes\+layout.svelte", "Svelte", 0, 0, 123, 0, 0, 32, 155
"c:\Users\277Student\Desktop\congressionals\src\routes\+page.svelte", "Svelte", 0, 0, 231, 0, 12, 36, 279
"c:\Users\277Student\Desktop\congressionals\src\routes\api\images\+server.js", "JavaScript", 28, 0, 0, 0, 0, 10, 38
"c:\Users\277Student\Desktop\congressionals\src\routes\api\trails\+server.js", "JavaScript", 24, 0, 0, 0, 0, 3, 27
"c:\Users\277Student\Desktop\congressionals\src\routes\favorites\+page.svelte", "Svelte", 0, 0, 63, 0, 0, 9, 72
"c:\Users\277Student\Desktop\congressionals\src\routes\gettingInfo\+page.svelte", "Svelte", 0, 0, 194, 0, 3, 38, 235
"c:\Users\277Student\Desktop\congressionals\src\routes\info\+page.svelte", "Svelte", 0, 0, 62, 0, 502, 16, 580
"c:\Users\277Student\Desktop\congressionals\src\routes\search\+page.svelte", "Svelte", 0, 0, 88, 0, 0, 13, 101
"c:\Users\277Student\Desktop\congressionals\src\routes\signIn\+page.svelte", "Svelte", 0, 0, 0, 0, 0, 1, 1
"Total", "-", 146, 18, 1109, 1, 540, 229, 2043